20201118,昆山,周庄,整租·蚬江花园,3室2厅,168平米,800
20201118,昆山,周庄,整租·云谷周庄,3室2厅,96平米,1000
20201118,昆山,周庄,整租·茂月居人才公寓,3室2厅,111平米,1700
20201118,昆山,周庄,整租·蚬江花园,2室2厅,80平米,1800
20201118,昆山,周庄,整租·蚬江花园,3室2厅,128平米,1000
20201118,昆山,周庄,整租·水月周庄,3室2厅,129平米,1500
20201118,昆山,周庄,整租·假日半岛,3室2厅,107平米,1000
20201118,昆山,周庄,整租·水月周庄,3室2厅,141平米,1500
20201118,昆山,周庄,整租·云谷周庄,3室2厅,112平米,2200
20201118,昆山,周庄,整租·水月周庄,4室2厅,139平米,2000
20201118,昆山,周庄,整租·云谷周庄,3室1厅,113平米,2400
20201118,昆山,周庄,整租·天润尚院,5室2厅,226平米,2800
20201118,昆山,周庄,整租·盛世明珠园,4室2厅,182平米,4300
20201118,昆山,周庄,整租·蚬江花园,5室2厅,168平米,1000
20201118,昆山,周庄,整租·水月周庄,3室2厅,121平米,1000
20201118,昆山,周庄,整租·蚬江花园,2室2厅,97平米,900
20201118,昆山,周庄,整租·水月周庄,2室2厅,97平米,1000
20201118,昆山,周庄,整租·水月周庄,2室2厅,98平米,1000
20201118,昆山,周庄,整租·水月周庄,3室2厅,126平米,1000
20201118,昆山,周庄,整租·水月周庄,4室2厅,264平米,12000
20201118,昆山,周庄,整租·蚬江花园,2室2厅,101平米,1800
20201118,昆山,周庄,整租·万盛园,1室1厅,64平米,1000
20201118,昆山,周庄,整租·天润尚院,5室3厅,243平米,2500
20201118,昆山,周庄,整租·盛世明珠园,1室1厅,44平米,1300
20201118,昆山,周庄,整租·万盛园,2室2厅,68平米,1500
20201118,昆山,周庄,整租·画家公寓,3室2厅,201平米,4500
20201118,昆山,周庄,整租·天润尚院,5室2厅,243平米,2500
20201118,昆山,周庄,整租·水月周庄,4室2厅,188平米,3000
20201118,昆山,周庄,整租·云谷周庄,3室2厅,98平米,2000
20201118,昆山,周庄,整租·梅花园（昆山）,3室1厅,89平米,1400
20201118,昆山,周庄,整租·假日半岛,3室2厅,108平米,1000
20201118,昆山,周庄,整租·水月周庄,1室2厅,66平米,2500
20201118,昆山,周庄,整租·假日半岛,2室2厅,79平米,1000
20201118,昆山,周庄,整租·画家公寓,3室2厅,201平米,4500
20201118,昆山,周庄,整租·天润尚院,5室2厅,243平米,2500
20201118,昆山,周庄,整租·水月周庄,4室2厅,188平米,3000
20201118,昆山,周庄,整租·云谷周庄,3室2厅,98平米,2000
20201118,昆山,周庄,整租·龙隐水庄,3室2厅,124平米,900
20201118,昆山,周庄,整租·蚬江花园,2室2厅,101平米,1800
20201118,昆山,周庄,整租·天润尚院,5室3厅,243平米,2500
20201118,昆山,周庄,整租·万盛园,1室1厅,64平米,1000
20201118,昆山,周庄,整租·梅花园（昆山）,3室1厅,89平米,1400
20201118,昆山,周庄,整租·云谷周庄,3室2厅,128平米,2500
20201118,昆山,周庄,整租·假日半岛,2室2厅,100平米,1000
20201118,昆山,周庄,整租·假日半岛,3室2厅,134平米,1000
20201118,昆山,周庄,整租·水月周庄,2室2厅,97平米,2499
20201118,昆山,周庄,整租·龙隐水庄,2室2厅,96平米,1300
20201118,昆山,周庄,整租·水月周庄,4室2厅,147平米,8000
20201118,昆山,周庄,整租·云谷周庄,3室1厅,100平米,1900
20201118,昆山,周庄,整租·盛世明珠园,1室1厅,73平米,2000
20201118,昆山,周庄,整租·云谷周庄,2室1厅,82平米,1500
20201118,昆山,周庄,整租·龙隐水庄,2室2厅,80平米,1800
20201118,昆山,周庄,整租·水月周庄,3室2厅,97平米,2000
20201118,昆山,周庄,整租·水月周庄,3室2厅,130平米,3500
20201118,昆山,周庄,整租·龙隐水庄,3室2厅,141平米,2000
20201118,昆山,周庄,整租·蚬江花园,3室2厅,128平米,2400
20201118,昆山,周庄,整租·蚬江花园,3室2厅,108平米,1000
20201118,昆山,周庄,整租·水月周庄,3室2厅,200平米,2500
20201118,昆山,周庄,整租·水月周庄,2室2厅,87平米,2500
20201118,昆山,周庄,整租·蚬江花园,2室1厅,102平米,2000
20201118,昆山,周庄,整租·东庄绿岛,3室2厅,130平米,1800
20201118,昆山,周庄,整租·茂月居人才公寓,3室2厅,110平米,1700
20201118,昆山,周庄,整租·水月周庄,2室1厅,97平米,1000
20201118,昆山,周庄,整租·云谷周庄,2室1厅,82平米,1700
20201118,昆山,周庄,整租·蚬江花园,3室1厅,128平米,880
20201118,昆山,周庄,整租·假日半岛,2室2厅,100平米,1000
20201118,昆山,周庄,整租·水月周庄,3室2厅,97平米,2300
20201118,昆山,周庄,整租·云谷周庄,2室2厅,82平米,1600
20201118,昆山,周庄,整租·龙隐水庄,2室2厅,73平米,1650
20201118,昆山,周庄,整租·云谷周庄,3室1厅,128平米,2400
20201118,昆山,周庄,整租·云谷周庄,3室2厅,112平米,1700
20201118,昆山,周庄,整租·盛世明珠园,1室1厅,44平米,1300
20201118,昆山,周庄,整租·万盛园,2室2厅,68平米,1500
20201118,昆山,周庄,整租·盛世明珠园,1室1厅,54平米,1300
20201118,昆山,周庄,整租·水月周庄,1室1厅,66平米,800
20201118,昆山,周庄,整租·水月周庄,2室2厅,97平米,800
20201118,昆山,周庄,整租·龙隐水庄,1室2厅,68平米,1200
20201118,昆山,周庄,整租·天润尚院,3室2厅,155平米,1500
20201118,昆山,周庄,整租·天润尚院,5室3厅,245平米,2800
20201118,昆山,周庄,整租·蚬江花园,1室1厅,60平米,1200
20201118,昆山,周庄,整租·天润尚院,4室1厅,161平米,1600
20201118,昆山,周庄,整租·假日半岛,3室2厅,134平米,1000
20201118,昆山,周庄,整租·龙隐水庄,1室1厅,39平米,1000
20201118,昆山,周庄,整租·淀南路69号,3室2厅,107平米,1600
20201118,昆山,周庄,整租·天润尚院,4室2厅,184平米,1600
20201118,昆山,周庄,整租·盛世明珠园,1室1厅,44平米,800
20201118,昆山,周庄,整租·蚬江花园,3室2厅,129平米,1100
20201118,昆山,周庄,整租·水月周庄,5室2厅,147平米,1000
20201118,昆山,周庄,整租·水月周庄,2室1厅,66平米,1700
20201118,昆山,周庄,整租·蚬江花园,5室2厅,210平米,1200
20201118,昆山,周庄,整租·天润尚院,6室2厅,227平米,1500
20201118,昆山,周庄,整租·蚬江花园,2室2厅,102平米,900
20201118,昆山,周庄,整租·蚬江花园,3室2厅,128平米,1000
20201118,昆山,周庄,整租·高林水乡花园,5室2厅,170平米,1400
20201118,昆山,周庄,整租·蚬江花园,3室2厅,128平米,1000
20201118,昆山,周庄,整租·蚬江花园,3室2厅,128平米,1000
20201118,昆山,周庄,整租·天润尚院,4室2厅,226平米,2000
20201118,昆山,周庄,整租·水月周庄,2室2厅,97平米,2800
20201118,昆山,周庄,整租·龙隐水庄,1室1厅,39平米,1000
20201118,昆山,周庄,整租·云谷周庄,3室2厅,101平米,1500
